reviewid,productid,ip,date,rating,gender,email
1,992,109.90.84.248,10/8/2011,7.5999999,Female,cmullarkey0@jimdo.com
48,984,218.224.162.135,2/17/2011,4.4000001,Male,mcroxon1b@4shared.com
68,729,218.224.162.135,12/15/2011,7.6999998,Female,gsongest1v@booking.com
2,959,65.154.160.191,10/11/2011,1.1,Male,bhobben1@tamu.edu
3,828,0.55.73.231,8/5/2011,8.5,Male,ringlesfield2@sourceforge.net
275,780,0.55.73.231,9/26/2011,6.8000002,Male,dmcwhinney7m@illinois.edu
447,828,197.54.81.183,3/3/2011,8.8000002,Male,kbertelsence@latimes.com
4,707,80.52.42.153,10/23/2011,4.5,Male,cgrogor3@wikipedia.org
126,747,80.52.42.153,2/17/2011,7.4000001,Male,esywell3h@networkadvertising.org
5,749,14.67.12.120,1/14/2011,7.8000002,Female,tcashell4@ocn.ne.jp
142,761,14.67.12.120,10/13/2011,5.8000002,Male,iellen3x@lulu.com
481,798,14.67.12.120,10/12/2011,9.6999998,Male,mdouchdc@123-reg.co.uk
107,874,226.215.65.122,7/6/2011,2.5999999,Male,svedenisov2y@vimeo.com
6,824,228.51.13.185,3/26/2011,1.1,Female,vmockler5@chicagotribune.com
474,772,228.51.13.185,9/24/2011,4.5999999,Male,rboolsd5@e-recht24.de
384,864,97.103.118.138,5/19/2011,2.5,Male,nmurrowan@cargocollective.com
7,859,220.19.108.215,8/29/2011,4.5999999,Male,mpadula6@sourceforge.net
358,749,220.19.108.215,11/14/2011,1.6,Female,ialbasini9x@people.com.cn
77,850,54.112.204.15,3/13/2011,7.4000001,Male,navieson24@reference.com
373,743,54.112.204.15,6/6/2011,6.3000002,Female,ddogetac@columbia.edu
8,972,81.199.35.165,4/3/2011,5.5,Male,welleray7@uiuc.edu
449,726,30.3.87.115,3/3/2011,8.5,Male,lterbeekcg@google.it
9,884,51.171.213.194,5/24/2011,9.1999998,Female,rdanielsen8@upenn.edu
129,926,51.171.213.194,8/24/2011,7.4000001,Female,sdunk3k@wordpress.org
301,830,51.171.213.194,5/26/2011,6.8000002,Female,hbagg8c@wikispaces.com
10,957,227.91.74.185,3/29/2011,7.1999998,Female,deastridge9@weather.com
90,963,71.103.252.160,10/18/2011,1.7,Female,eughi2h@ft.com
178,852,71.103.252.160,4/27/2011,5,Female,ygillard4x@sciencedirect.com
484,959,71.103.252.160,7/16/2011,8.8000002,Female,jdiluciadf@chronoengine.com
11,807,74.188.133.148,12/19/2011,9.1999998,Female,bhaylea@sohu.com
85,918,74.188.133.148,2/19/2011,1.6,Female,umammatt2c@stanford.edu
383,806,74.188.133.148,1/28/2011,3.7,Female,egrimmeram@unblog.fr
381,887,233.41.82.119,8/26/2011,2.5,Male,bheighoak@wp.com
12,932,226.129.75.130,2/11/2011,6.8000002,Male,bbernb@twitpic.com
51,902,187.190.241.112,6/28/2011,9.6000004,Female,cschukert1e@tumblr.com
13,707,235.254.248.5,2/7/2011,5.9000001,Female,kwindramc@vistaprint.com
14,761,78.110.52.181,3/7/2011,3.5999999,Female,lkleeweind@ucoz.ru
411,882,78.110.52.181,2/27/2011,9.3999996,Male,lcarefullbe@mozilla.com
15,822,42.62.69.98,2/6/2011,7.1999998,Male,abanvillee@wikipedia.org
197,913,42.62.69.98,3/26/2011,5.3000002,Male,etrimble5g@nature.com
16,890,22.31.36.20,9/26/2011,8.3000002,Female,lwildishf@miibeian.gov.cn
17,771,123.31.198.46,5/9/2011,6.6999998,Male,rbanburyg@pen.io
448,753,123.31.198.46,8/31/2011,6.0999999,Female,bwhordleycf@over-blog.com
18,710,18.74.65.209,1/3/2011,3.9000001,Male,ejaggih@ihg.com
95,838,18.74.65.209,5/18/2011,8.1999998,Female,pduchasteau2m@ning.com
150,815,18.74.65.209,4/25/2011,9.1000004,Male,ssturdey45@g.co
151,779,18.74.65.209,7/23/2011,2.5999999,Female,lthurling46@businessinsider.com
25,979,34.197.115.123,10/12/2011,9.3999996,Female,bmouleso@free.fr
19,871,41.177.109.226,2/25/2011,2.5,Female,afazani@ning.com
256,805,4.161.177.49,8/25/2011,7.0999999,Female,csailes73@dailymail.co.uk
20,778,26.154.75.203,9/10/2011,6.9000001,Male,hblackerj@usda.gov
156,887,26.154.75.203,5/28/2011,8,Male,mjaques4b@taobao.com
37,971,183.91.228.251,8/21/2011,7.0999999,Male,cscamp10@addthis.com
21,793,29.126.38.239,10/29/2011,1.5,Female,cleydonk@archive.org
100,752,29.126.38.239,4/8/2011,3.8,Female,bpaddy2r@ucoz.ru
247,876,29.126.38.239,7/15/2011,9.8999996,Male,sbonsale6u@aboutads.info
431,780,29.126.38.239,2/2/2011,4.9000001,Male,etithecoteby@phpbb.com
473,913,29.126.38.239,6/18/2011,3.5,Male,bbiasiod4@house.gov
237,985,17.21.118.12,12/24/2011,7.5,Female,zgartery6k@pen.io
22,956,97.30.75.117,6/13/2011,2.5,Male,mfeldmannl@jugem.jp
196,989,97.30.75.117,10/21/2011,3.9000001,Male,iforcer5f@posterous.com
23,931,185.113.176.78,8/14/2011,2.5999999,Male,kcopom@sina.com.cn
53,717,185.113.176.78,12/25/2011,1.4,Male,enehls1g@uiuc.edu
332,801,185.113.176.78,4/2/2011,1.6,Female,imasselin97@businessinsider.com
24,911,198.250.235.210,7/31/2011,4.6999998,Female,mriolfon@geocities.jp
50,797,139.26.171.212,3/22/2011,5.5,Male,afrankema1d@parallels.com
26,817,171.155.141.188,7/16/2011,5.1999998,Female,mscintsburyp@epa.gov
188,976,171.155.141.188,11/26/2011,7.1999998,Male,vtorrijos57@patch.com
353,944,171.155.141.188,11/20/2011,4.1999998,Female,hhemmingway9s@artisteer.com
27,843,77.174.253.36,6/28/2011,3.5,Female,vjelfq@moonfruit.com
296,744,77.174.253.36,5/25/2011,1.5,Female,ccoger87@prlog.org
434,838,77.174.253.36,5/20/2011,6.8000002,Male,lwapplec1@sitemeter.com
274,900,4.92.46.52,8/21/2011,4,Male,roday7l@baidu.com
28,778,85.18.59.18,2/11/2011,8.6999998,Male,dbelliveaur@guardian.co.uk
303,716,85.18.59.18,4/5/2011,5.4000001,Female,dgladwish8e@adobe.com
428,888,161.233.7.222,6/2/2011,1.6,Male,fberriganbv@drupal.org
29,904,5.81.30.98,7/30/2011,2.7,Female,esicilys@prlog.org
30,939,52.232.152.104,7/2/2011,4.9000001,Female,ebodleyt@skype.com
92,760,52.232.152.104,6/23/2011,7.6999998,Female,tdrew2j@nih.gov
280,789,52.232.152.104,6/16/2011,5.1999998,Female,egreenrodd7r@miitbeian.gov.cn
31,738,61.194.149.173,5/10/2011,9.6999998,Female,pwahlbergu@elegantthemes.com
162,959,142.253.23.97,3/10/2011,3.8,Female,mgergher4h@vistaprint.com
394,754,142.253.23.97,12/10/2011,8,Female,gangeauax@cam.ac.uk
396,871,142.253.23.97,11/14/2011,2,Male,olabastidaaz@163.com
32,879,79.196.209.44,8/29/2011,8.3000002,Male,rjellv@usgs.gov
115,743,79.196.209.44,4/19/2011,7.9000001,Female,pkellard36@photobucket.com
168,782,79.196.209.44,4/9/2011,4.9000001,Male,gshalloe4n@odnoklassniki.ru
33,970,198.16.65.6,12/5/2011,2.0999999,Male,mmcreathw@google.cn
89,895,198.16.65.6,10/21/2011,5.1999998,Male,mmoralas2g@nytimes.com
165,872,198.16.65.6,10/6/2011,4.9000001,Male,cbenedick4k@amazon.co.uk
500,938,198.16.65.6,2/2/2011,8.5,Female,cebenezerdv@devhub.com
341,833,179.189.57.156,8/20/2011,4.5,Male,delix9g@china.com.cn
34,981,223.201.108.250,9/9/2011,7.5999999,Male,pwaytx@baidu.com
258,849,14.133.28.185,2/2/2011,5.5,Male,femblen75@parallels.com
35,873,245.91.225.126,4/20/2011,9.8999996,Female,nkimmingsy@liveinternet.ru
240,951,69.195.87.119,10/21/2011,8.8000002,Male,ehaslehurst6n@cargocollective.com
36,832,110.166.185.194,11/14/2011,5.5,Male,hmackartanz@nature.com
41,745,110.166.185.194,2/9/2011,9.8000002,Female,ppilsbury14@discuz.net
191,717,110.166.185.194,11/22/2011,2.5,Male,srainey5a@fda.gov
337,774,110.166.185.194,6/25/2011,5.3000002,Female,afransewich9c@addtoany.com
380,931,110.166.185.194,9/23/2011,2.4000001,Female,elaverickaj@ft.com
103,968,34.196.28.26,4/28/2011,3.0999999,Male,kfrail2u@aol.com
132,998,34.196.28.26,5/8/2011,7.1999998,Female,kstening3n@biglobe.ne.jp
38,914,188.188.195.85,8/17/2011,3.4000001,Female,bmaton11@mit.edu
219,830,125.95.124.144,5/12/2011,8.3999996,Male,cmacmearty62@is.gd
282,971,125.95.124.144,7/15/2011,5.9000001,Female,cfeakins7t@wired.com
39,882,98.155.95.189,11/3/2011,2.5999999,Female,tsteuhlmeyer12@ask.com
454,714,162.242.133.86,12/18/2011,1.3,Female,emetterickecl@blog.com
40,984,31.204.106.93,12/23/2011,5.9000001,Female,myeardley13@myspace.com
379,807,31.204.106.93,6/14/2011,6.5999999,Female,sparcallai@nationalgeographic.com
391,986,31.204.106.93,8/24/2011,7.9000001,Female,olarringtonau@msu.edu
158,799,254.82.137.20,9/1/2011,3.7,Female,mmurrthum4d@archive.org
361,710,254.82.137.20,3/31/2011,6.0999999,Male,kmufforda0@ask.com
42,902,251.88.21.149,3/11/2011,5.1999998,Female,dfarrar15@moonfruit.com
60,707,251.88.21.149,8/22/2011,8.3000002,Male,mconnechie1n@angelfire.com
87,982,147.16.87.181,11/16/2011,1.7,Male,vnisen2e@typepad.com
367,991,147.16.87.181,2/13/2011,8.6999998,Female,dglandera6@dagondesign.com
43,20,31.98.112.7,12/30/2011,2.3,Female,ralhirsi16@vimeo.com
99,756,31.98.112.7,8/29/2011,1.4,Female,nforsbey2q@eventbrite.com
469,983,182.29.152.243,8/30/2011,5,Male,cgateshilld0@dell.com
44,40,51.239.115.19,8/22/2011,3.2,Female,jscole17@histats.com
47,950,51.239.115.19,2/23/2011,6.5,Female,rrontree1a@wufoo.com
317,805,51.239.115.19,11/23/2011,4.1999998,Female,creasun8s@bluehost.com
215,787,86.20.128.136,1/5/2011,6.9000001,Male,cannett5y@freewebs.com
45,914,5.141.230.250,2/14/2011,9,Female,menoch18@hao123.com
46,817,64.13.28.23,3/26/2011,8,Female,cpordall19@mapy.cz
494,994,64.13.28.23,11/24/2011,1.1,Female,hfairbearddp@blinklist.com
182,998,139.66.215.219,5/18/2011,7.9000001,Female,echellam51@ow.ly
304,973,139.66.215.219,8/31/2011,3.2,Female,jproudman8f@ebay.co.uk
251,719,149.47.105.185,10/6/2011,7.4000001,Female,eginman6y@nsw.gov.au
497,915,149.47.105.185,1/2/2011,5.5999999,Female,hibbsds@wikipedia.org
49,754,175.155.2.43,6/23/2011,7.1999998,Male,nalthrop1c@yellowbook.com
405,976,175.155.2.43,6/8/2011,8.3999996,Male,cbranwhiteb8@narod.ru
450,711,175.155.2.43,1/4/2011,4.5999999,Female,dkiddyech@i2i.jp
82,994,27.233.222.8,6/1/2011,6.0999999,Female,mrenol29@usda.gov
445,925,27.233.222.8,8/8/2011,7.1999998,Female,bbuskecc@dailymotion.com
52,965,112.152.79.181,10/22/2011,1.1,Female,seginton1f@java.com
167,892,244.96.143.9,9/23/2011,2,Male,jtrimme4m@kickstarter.com
54,773,147.124.17.141,9/15/2011,9.8999996,Female,dthurman1h@berkeley.edu
238,993,147.124.17.141,9/20/2011,6.6999998,Male,khollows6l@unc.edu
421,914,147.124.17.141,10/14/2011,5.8000002,Female,wglasebrookbo@phpbb.com
171,986,210.203.219.87,3/25/2011,4.1999998,Male,tkenningham4q@alibaba.com
55,784,23.96.122.126,3/5/2011,3.3,Female,mlooney1i@princeton.edu
56,810,95.185.39.155,3/30/2011,4.8000002,Male,afishpool1j@unblog.fr
194,743,95.185.39.155,10/26/2011,3.5,Female,fbartolacci5d@pbs.org
57,713,37.234.124.187,10/10/2011,1.3,Male,ebeardwood1k@surveymonkey.com
439,979,44.162.75.222,9/14/2011,4.5999999,Male,meyckelc6@cam.ac.uk
58,791,135.49.105.157,5/4/2011,6.3000002,Male,pseczyk1l@omniture.com
271,955,135.49.105.157,2/14/2011,1.3,Female,lelford7i@tiny.cc
59,919,202.90.216.31,2/15/2011,1.1,Female,mblakesley1m@theglobeandmail.com
375,794,90.86.61.33,6/18/2011,8.3000002,Male,qkaveae@phpbb.com
254,969,87.219.148.101,7/3/2011,6.0999999,Male,gfunnell71@weebly.com
61,866,219.115.32.16,10/31/2011,4.1999998,Female,parlt1o@columbia.edu
348,895,64.67.144.79,12/4/2011,2.5,Female,otreuge9n@princeton.edu
62,826,205.184.89.152,6/19/2011,4.8000002,Male,cjurzyk1p@cbsnews.com
334,806,237.196.77.199,2/15/2011,6.8000002,Male,dcokayne99@amazonaws.com
63,929,152.84.73.192,2/13/2011,1.8,Male,iangric1q@mayoclinic.com
225,990,152.84.73.192,7/24/2011,1,Female,mbambrugh68@cisco.com
244,891,152.84.73.192,6/14/2011,2.2,Female,oovise6r@networkadvertising.org
64,874,71.248.231.101,8/3/2011,1,Male,semig1r@dagondesign.com
294,816,170.119.177.212,3/12/2011,1.7,Female,sshimony85@facebook.com
65,926,151.163.67.251,10/9/2011,9.8999996,Female,kbelhomme1s@homestead.com
455,766,151.163.67.251,8/30/2011,6.5999999,Male,dscoterboshcm@smugmug.com
66,891,160.3.220.112,11/17/2011,4.1999998,Male,estrettell1t@forbes.com
272,836,160.3.220.112,1/13/2011,8,Male,bling7j@wisc.edu
67,742,27.164.134.182,10/14/2011,6.3000002,Male,phunnisett1u@ft.com
69,788,179.77.233.210,1/10/2011,3.4000001,Male,amcvicker1w@mail.ru
288,989,179.77.233.210,12/10/2011,1.3,Female,bdumberell7z@admin.ch
284,761,116.1.40.101,10/12/2011,4.8000002,Female,mgoodyer7v@economist.com
316,843,116.1.40.101,10/8/2011,1,Female,nsmaile8r@sakura.ne.jp
346,899,116.1.40.101,10/11/2011,2.2,Male,yjoder9l@parallels.com
70,815,52.75.50.33,11/9/2011,6.0999999,Female,lolivari1x@last.fm
71,884,146.24.57.236,12/17/2011,3.9000001,Male,amincini1y@irs.gov
72,894,59.23.9.126,10/31/2011,4.6999998,Female,msayle1z@walmart.com
268,717,59.23.9.126,5/8/2011,8.8999996,Male,cabrahm7f@cafepress.com
340,850,59.23.9.126,10/1/2011,9.1999998,Female,mscola9f@ftc.gov
122,991,14.250.241.162,6/16/2011,9.3999996,Male,edawkins3d@archive.org
73,860,218.17.70.237,3/23/2011,8.3000002,Male,vhildrew20@etsy.com
79,798,218.17.70.237,9/8/2011,9,Female,ccoleman26@xing.com
230,749,218.17.70.237,11/22/2011,2.2,Male,cmcbain6d@ibm.com
298,20,218.17.70.237,3/8/2011,6.8000002,Female,rcaldron89@wikipedia.org
382,933,218.17.70.237,2/4/2011,4.6999998,Male,adomeal@sbwire.com
265,757,131.217.174.149,5/14/2011,6.0999999,Female,lcasassa7c@msu.edu
74,875,174.9.93.103,2/23/2011,3.0999999,Female,mcousen21@livejournal.com
111,952,174.9.93.103,4/23/2011,1.8,Male,nmaykin32@webs.com
75,811,254.159.75.116,9/8/2011,6.8000002,Female,bdukes22@xrea.com
388,937,254.159.75.116,4/3/2011,7.4000001,Male,mmessrutherar@hp.com
420,895,207.156.15.160,7/2/2011,7.9000001,Male,pmcareaveybn@eventbrite.com
76,977,231.217.248.172,6/20/2011,4.5999999,Female,brosso23@alibaba.com
231,976,231.217.248.172,5/18/2011,3.3,Male,edarrigrand6e@redcross.org
241,710,231.217.248.172,6/8/2011,4.6999998,Female,jhendriks6o@ehow.com
78,863,76.70.73.65,11/24/2011,3,Male,tplastow25@is.gd
80,758,80.181.0.227,5/25/2011,9.1999998,Male,tsiely27@shinystat.com
458,942,80.181.0.227,1/11/2011,1.4,Male,ajanuszewskicp@yahoo.co.jp
81,822,139.221.116.178,6/11/2011,7.5999999,Male,brabbitts28@themeforest.net
402,773,139.221.116.178,6/6/2011,7.0999999,Female,gmiltonwhiteb5@indiegogo.com
83,774,108.150.92.35,12/28/2011,4,Female,ethame2a@mysql.com
227,872,108.150.92.35,5/29/2011,1.5,Female,otripney6a@studiopress.com
331,925,10.32.51.220,9/10/2011,2.3,Male,bvanthoog96@howstuffworks.com
84,719,18.83.89.96,10/21/2011,7.6999998,Female,rridley2b@yelp.com
229,795,18.83.89.96,9/29/2011,3.4000001,Male,mchampneys6c@java.com
228,855,53.170.52.108,11/23/2011,3.5,Female,gingman6b@lycos.com
463,727,53.170.52.108,10/10/2011,8.6000004,Male,ebarensencu@pcworld.com
86,789,111.20.103.187,7/1/2011,4.4000001,Female,nkassman2d@4shared.com
88,906,95.165.217.33,7/18/2011,2.2,Male,tboyda2f@ebay.co.uk
250,804,95.165.217.33,5/5/2011,1.8,Female,dhadenton6x@altervista.org
302,766,95.165.217.33,10/15/2011,8.1999998,Male,cbaglan8d@yelp.com
91,936,187.206.179.171,4/14/2011,2.8,Male,jellingworth2i@scientificamerican.com
93,779,251.157.155.21,9/26/2011,5.5999999,Male,ghussey2k@taobao.com
266,945,105.35.39.218,5/13/2011,9.3000002,Male,kmcmanamon7d@psu.edu
94,978,95.82.96.158,1/15/2011,1.4,Male,bgoodright2l@histats.com
160,935,95.82.96.158,2/15/2011,5.3000002,Male,bsertin4f@dailymail.co.uk
385,726,240.212.203.110,8/28/2011,4.1999998,Female,dbramleyao@discuz.net
96,806,25.39.191.158,1/26/2011,8.1000004,Female,aegginton2n@va.gov
170,940,18.175.140.60,3/13/2011,10,Male,lcleaver4p@blog.com
430,875,18.175.140.60,3/12/2011,5.5999999,Female,lliebmannbx@mlb.com
97,924,97.39.220.179,12/25/2011,7.1999998,Male,nsegar2o@unesco.org
207,992,97.39.220.179,10/8/2011,8.6999998,Male,bgillinghams5q@cargocollective.com
208,953,97.39.220.179,12/20/2011,4.5,Male,llomb5r@columbia.edu
339,758,97.39.220.179,5/24/2011,6.5999999,Female,nmacbane9e@marketwatch.com
437,946,43.184.25.206,6/12/2011,9.1000004,Female,wspittlec4@diigo.com
98,800,255.102.77.211,6/11/2011,3.3,Female,khassen2p@vinaora.com
404,793,44.94.166.242,3/28/2011,2.5999999,Female,flampreyb7@squidoo.com
101,869,150.106.30.137,4/21/2011,5.3000002,Male,cterrans2s@npr.org
376,992,150.106.30.137,12/22/2011,2.8,Female,lstennettaf@ameblo.jp
164,917,50.85.25.68,2/21/2011,8.8000002,Female,mdesorts4j@ezinearticles.com
211,951,50.85.25.68,1/30/2011,9.6999998,Female,aallum5u@wordpress.com
102,956,82.140.229.51,1/28/2011,8,Female,kpharrow2t@jigsy.com
154,750,82.140.229.51,3/20/2011,8.3000002,Female,hharlett49@theglobeandmail.com
359,795,82.140.229.51,4/9/2011,2.3,Male,atrowsdale9y@pcworld.com
464,947,82.140.229.51,2/3/2011,1.9,Male,mspringettcv@friendfeed.com
336,742,191.241.12.36,2/21/2011,6,Female,stwell9b@merriam-webster.com
104,921,162.234.239.165,1/10/2011,1.2,Female,cbranch2v@weather.com
169,852,162.234.239.165,7/15/2011,5.3000002,Male,rnolin4o@smh.com.au
119,971,42.245.196.86,10/18/2011,2.3,Male,irotherham3a@nbcnews.com
105,770,247.254.236.201,4/9/2011,8.3000002,Male,ftimperley2w@reddit.com
324,913,247.254.236.201,3/9/2011,3.5999999,Female,ewilmott8z@apple.com
106,863,1.209.222.43,9/3/2011,8.6999998,Female,hnewcombe2x@rakuten.co.jp
482,823,1.209.222.43,4/26/2011,3.3,Female,ctrotterdd@vimeo.com
398,822,145.210.238.211,8/27/2011,9.5,Female,lharralb1@fda.gov
108,726,83.88.142.190,7/31/2011,1,Female,epearcey2z@foxnews.com
109,839,30.9.166.74,11/3/2011,3.9000001,Male,cwoolfitt30@merriam-webster.com
195,966,30.9.166.74,9/14/2011,3.5,Female,ahacquel5e@squarespace.com
110,980,52.218.77.160,3/25/2011,8.8000002,Female,dupward31@howstuffworks.com
260,944,52.218.77.160,12/4/2011,9.1000004,Female,pmcairt77@economist.com
364,863,165.37.171.94,11/14/2011,1.6,Female,tlattimorea3@ucsd.edu
112,955,120.188.107.241,7/24/2011,9.1999998,Female,keddleston33@craigslist.org
255,825,120.188.107.241,10/6/2011,7.4000001,Male,fscrooby72@yahoo.co.jp
466,898,120.188.107.241,1/14/2011,7.5,Male,nparrettcx@surveymonkey.com
314,998,221.52.19.246,10/4/2011,5.6999998,Female,pgarvill8p@chicagotribune.com
329,761,221.52.19.246,5/2/2011,6.5999999,Male,lbalcon94@wikia.com
113,956,155.235.38.152,2/14/2011,4.5999999,Male,gvandenvelden34@oakley.com
187,893,43.146.132.213,1/17/2011,4.0999999,Female,scrabb56@google.com.br
114,933,63.49.187.177,7/31/2011,9.6999998,Male,dcollings35@google.cn
397,905,63.49.187.177,9/24/2011,6.1999998,Female,fbrettb0@opensource.org
426,990,50.42.112.169,11/27/2011,4.9000001,Female,tumbertbt@usgs.gov
116,727,175.141.210.247,6/14/2011,4.5,Female,oforsdyke37@businessinsider.com
452,996,175.141.210.247,11/16/2011,9.5,Female,mhurseycj@youtube.com
117,813,162.212.43.75,6/1/2011,3.8,Male,sparysowna38@discovery.com
386,925,162.212.43.75,12/29/2011,9,Male,ikingzettap@mayoclinic.com
374,928,174.216.23.159,2/6/2011,2.7,Male,mmeleskad@patch.com
118,936,165.61.72.2,12/21/2011,8.5,Female,tbreckwell39@opensource.org
319,712,30.101.180.9,1/27/2011,5.9000001,Female,hseathwright8u@chronoengine.com
201,785,5.91.133.245,1/14/2011,4.6999998,Female,cdarbey5k@booking.com
470,871,5.91.133.245,10/8/2011,7.8000002,Male,eleiled1@yahoo.com
120,990,106.166.36.22,3/31/2011,2.5999999,Female,jflindall3b@ow.ly
413,747,31.201.109.217,3/16/2011,6.1999998,Male,csemkenbg@mayoclinic.com
121,797,195.137.126.215,7/24/2011,2.7,Male,mphilipps3c@utexas.edu
199,981,189.183.179.129,11/23/2011,5.8000002,Male,rcaherny5i@freewebs.com
123,983,37.181.92.95,11/24/2011,5,Male,sadderley3e@reuters.com
406,886,37.181.92.95,2/13/2011,5,Female,mdraggeb9@multiply.com
124,958,31.252.195.141,7/7/2011,4.4000001,Male,bhancorn3f@nytimes.com
453,716,37.110.219.150,1/14/2011,1.1,Male,rechlinck@apache.org
125,859,14.91.87.214,9/6/2011,9.1000004,Female,gjimeno3g@stumbleupon.com
287,930,14.91.87.214,6/26/2011,5.5,Male,kregglar7y@sakura.ne.jp
138,994,59.189.50.244,5/9/2011,8.5,Female,wgapp3t@latimes.com
217,993,59.189.50.244,10/17/2011,3,Male,hsinyard60@nifty.com
127,990,160.96.209.45,1/17/2011,9.1999998,Male,jphelps3i@topsy.com
300,748,160.96.209.45,4/11/2011,3.5999999,Male,henden8b@mlb.com
270,786,109.112.114.192,11/24/2011,1.7,Male,jghiotto7h@bloomberg.com
435,786,109.112.114.192,4/4/2011,2.3,Female,fclemensonc2@cbslocal.com
128,799,171.195.78.192,10/20/2011,2,Male,rwickson3j@facebook.com
130,993,216.221.103.92,8/27/2011,1,Female,yjorge3l@tumblr.com
131,941,37.112.250.120,1/7/2011,6.8000002,Female,ulamberteschi3m@netlog.com
243,998,37.112.250.120,3/15/2011,7,Female,dmoses6q@example.com
320,968,37.112.250.120,10/20/2011,8.8999996,Female,bsignore8v@google.es
360,925,37.112.250.120,6/26/2011,8.3999996,Male,krichards9z@nydailynews.com
133,918,164.79.143.40,6/13/2011,5.3000002,Female,rbrolechan3o@ucoz.com
313,883,160.34.193.167,11/8/2011,9,Male,fdiaper8o@dell.com
321,927,160.34.193.167,8/26/2011,3.5999999,Male,hscrivner8w@hibu.com
134,765,51.104.197.119,1/11/2011,7.8000002,Male,etroni3p@go.com
203,980,51.104.197.119,4/22/2011,1.8,Female,spinching5m@imgur.com
218,759,51.104.197.119,6/19/2011,8.8999996,Female,ebeaudry61@mac.com
436,810,51.104.197.119,7/30/2011,3.0999999,Female,jmartinollic3@newyorker.com
487,914,51.104.197.119,3/4/2011,7.5,Female,fskillingdi@ustream.tv
135,892,33.135.175.136,8/10/2011,3.0999999,Female,kwinpenny3q@wordpress.com
416,807,33.135.175.136,4/10/2011,3,Female,glewteybj@ca.gov
136,971,99.27.166.229,10/30/2011,6.4000001,Male,melger3r@discuz.net
323,719,99.27.166.229,5/20/2011,2.4000001,Male,esliman8y@tinypic.com
137,935,15.24.171.71,12/9/2011,6.0999999,Male,wdesaur3s@surveymonkey.com
139,992,144.79.227.237,12/25/2011,7,Male,akissell3u@sphinn.com
198,884,144.79.227.237,5/10/2011,9.5,Male,dkayley5h@hatena.ne.jp
372,868,144.79.227.237,11/8/2011,8.3000002,Female,lparsonageab@mtv.com
351,889,127.8.71.245,3/22/2011,7.8000002,Male,bjulian9q@123-reg.co.uk
140,789,47.248.204.23,3/9/2011,3.0999999,Female,tcorrigan3v@cargocollective.com
306,719,47.248.204.23,8/11/2011,1.1,Male,credihalgh8h@hc360.com
443,739,47.248.204.23,4/13/2011,8,Male,iterringtonca@mozilla.org
472,773,47.248.204.23,7/25/2011,6.5,Male,lloveredged3@newyorker.com
144,773,146.165.224.89,5/4/2011,4.1999998,Male,afalkner3z@sohu.com
141,998,150.138.116.86,2/25/2011,1.9,Female,hmowlam3w@nationalgeographic.com
213,757,150.138.116.86,12/13/2011,5.1999998,Male,mwalstow5w@wufoo.com
495,860,150.138.116.86,6/22/2011,1.1,Male,lsollnerdq@engadget.com
407,713,197.50.161.225,12/23/2011,3.5999999,Female,ebrickettba@studiopress.com
143,830,55.119.24.170,1/15/2011,9.8999996,Female,lwaterhouse3y@networkadvertising.org
145,961,39.13.90.35,5/17/2011,9.8000002,Male,djantet40@squarespace.com
186,774,39.13.90.35,7/13/2011,1.4,Female,kdavidesco55@surveymonkey.com
297,865,39.13.90.35,1/22/2011,3,Male,rveregan88@nyu.edu
392,804,39.13.90.35,1/8/2011,4,Male,dsavinav@comsenz.com
146,784,241.47.99.129,12/9/2011,5.3000002,Male,mshelper41@etsy.com
147,759,33.133.113.223,5/6/2011,8.5,Male,lmazey42@microsoft.com
148,938,100.180.211.56,7/1/2011,8.8000002,Female,sdeuss43@google.ru
414,988,100.180.211.56,12/18/2011,3.9000001,Female,mweatherhillbh@amazon.co.uk
485,778,100.180.211.56,7/1/2011,6.5,Male,cdemseydg@booking.com
149,764,37.208.187.4,6/9/2011,5.8000002,Male,nerdis44@merriam-webster.com
467,796,37.208.187.4,8/10/2011,3.8,Male,ctrimmellcy@blogtalkradio.com
163,914,49.113.152.20,4/22/2011,4.4000001,Male,jwoodroffe4i@un.org
468,955,214.204.10.7,10/30/2011,10,Female,bfarquharcz@soundcloud.com
152,952,9.121.204.238,7/15/2011,1.8,Male,khuison47@google.es
325,905,9.121.204.238,8/19/2011,3.8,Female,ebenterman90@usda.gov
480,998,82.158.218.149,8/1/2011,7.5999999,Female,rvialdb@comcast.net
153,762,58.190.222.62,3/17/2011,5.8000002,Female,roxbrough48@ameblo.jp
155,756,98.147.145.193,5/11/2011,2.2,Female,kgolston4a@stumbleupon.com
412,872,98.147.145.193,9/12/2011,1.9,Male,wbrunelbf@naver.com
210,752,173.144.200.37,10/13/2011,3.7,Female,sblakden5t@google.com.br
365,715,23.225.240.64,6/30/2011,9.8999996,Female,jscholeya4@slashdot.org
157,972,188.171.194.46,6/10/2011,3.3,Female,apollack4c@homestead.com
387,943,188.171.194.46,8/24/2011,6.5,Female,kabryaq@aol.com
291,910,12.151.52.174,11/24/2011,7.9000001,Male,zderuel82@umn.edu
159,955,174.126.234.94,10/19/2011,7.0999999,Male,hmcgeouch4e@usatoday.com
286,937,174.126.234.94,10/12/2011,4.8000002,Male,dnorster7x@msn.com
293,900,212.166.245.240,6/2/2011,2.8,Male,hdrinkel84@wikimedia.org
330,753,193.188.132.71,2/18/2011,1.5,Male,ejosephs95@4shared.com
161,884,221.253.160.169,3/14/2011,9.3999996,Female,eyurukhin4g@tripod.com
214,764,196.202.185.68,5/13/2011,1.1,Male,evinton5x@columbia.edu
166,712,216.214.61.75,9/16/2011,6.5999999,Female,ccoltherd4l@rediff.com
328,961,216.214.61.75,10/19/2011,8.3999996,Female,krobilliard93@narod.ru
205,945,251.65.181.36,5/17/2011,9.8000002,Male,dolley5o@lycos.com
429,973,251.65.181.36,4/13/2011,7.1999998,Male,tgunbw@smh.com.au
172,952,216.198.62.17,2/14/2011,3.4000001,Male,eshivlin4r@bbc.co.uk
242,791,56.92.29.182,2/9/2011,4.8000002,Female,marrowsmith6p@nps.gov
490,993,56.92.29.182,8/27/2011,1.2,Male,vmerieldl@example.com
173,862,184.188.15.98,1/18/2011,4,Male,pbruneton4s@prnewswire.com
174,802,46.145.25.250,7/31/2011,9,Female,erevens4t@foxnews.com
175,993,198.65.75.179,1/22/2011,8.3999996,Female,gshadwick4u@china.com.cn
309,940,198.65.75.179,8/28/2011,9.5,Female,sdeekes8k@nsw.gov.au
176,932,126.56.100.191,12/30/2011,3.2,Male,storri4v@ca.gov
177,934,126.230.166.189,7/7/2011,2.0999999,Female,mmcteggart4w@last.fm
419,972,101.76.96.174,2/12/2011,1.3,Male,opozzibm@dmoz.org
179,765,141.90.109.79,11/2/2011,9.3999996,Female,sshalcras4y@indiatimes.com
318,950,141.90.109.79,11/30/2011,4.6999998,Male,sgleadle8t@flickr.com
180,799,41.184.101.23,10/31/2011,5.1999998,Female,istanhope4z@bloomberg.com
440,839,41.184.101.23,7/2/2011,1.5,Female,othresherc7@ihg.com
181,849,223.35.49.33,11/16/2011,3.4000001,Male,mklyn50@geocities.com
183,768,137.119.182.239,12/10/2011,6.9000001,Female,tmarshallsay52@sina.com.cn
224,971,114.54.115.87,11/21/2011,5.6999998,Female,mthomtson67@google.co.jp
184,957,30.95.9.121,2/11/2011,8.6000004,Male,akemetz53@fema.gov
209,791,30.95.9.121,6/7/2011,7.6999998,Male,gehlerding5s@lycos.com
403,808,30.95.9.121,6/2/2011,10,Female,sswinfonb6@phpbb.com
409,762,30.95.9.121,7/26/2011,8.1000004,Female,msalamonbc@dropbox.com
185,892,122.197.70.89,12/19/2011,3.0999999,Male,elittlewood54@webs.com
366,977,55.79.192.148,11/15/2011,7.8000002,Female,mgeggiea5@simplemachines.org
189,759,216.12.228.145,6/29/2011,5.4000001,Male,ljacobsen58@altervista.org
327,981,216.12.228.145,1/4/2011,5.5999999,Male,gsavege92@purevolume.com
190,824,108.44.104.55,6/10/2011,8.3999996,Male,jcollinwood59@spiegel.de
427,738,108.44.104.55,2/6/2011,7.8000002,Female,lstockenbu@admin.ch
442,857,108.44.104.55,7/21/2011,5.9000001,Male,sreveleyc9@bluehost.com
322,832,243.195.133.102,10/23/2011,4.3000002,Female,vreaditt8x@aol.com
478,884,243.195.133.102,2/2/2011,4.9000001,Male,kvasyutkind9@cam.ac.uk
192,726,42.83.90.158,6/1/2011,6.3000002,Male,cgregori5b@ocn.ne.jp
193,971,231.181.239.72,12/11/2011,7.0999999,Female,emainston5c@telegraph.co.uk
202,966,141.185.199.94,6/13/2011,5.5999999,Female,tellar5l@jigsy.com
277,748,141.142.89.117,6/30/2011,7.3000002,Male,rtitlow7o@rambler.ru
200,776,144.14.236.185,8/9/2011,4.6999998,Male,hdornin5j@ted.com
425,893,42.12.200.60,9/19/2011,7.3000002,Male,laireybs@jiathis.com
444,777,42.12.200.60,12/14/2011,4,Female,mdossettorcb@pagesperso-orange.fr
278,856,150.168.18.135,8/19/2011,3,Male,anewborn7p@google.it
267,853,102.142.18.100,1/22/2011,8.1000004,Male,mstreather7e@earthlink.net
389,993,102.142.18.100,7/19/2011,6.8000002,Female,hstarfordas@lycos.com
204,754,139.218.206.53,10/25/2011,6.0999999,Female,kbrettelle5n@webeden.co.uk
363,957,139.218.206.53,10/23/2011,1.5,Male,ssweetsura2@weebly.com
377,898,177.72.16.127,5/3/2011,1.2,Female,gtolputtag@dmoz.org
350,762,241.102.146.195,5/8/2011,1.7,Male,ehagan9p@yelp.com
423,729,241.102.146.195,6/13/2011,2,Female,msighardbq@jugem.jp
206,748,100.158.142.134,2/22/2011,9.6999998,Male,gskelding5p@mediafire.com
245,729,142.229.9.110,8/4/2011,3.3,Male,upondjones6s@earthlink.net
212,905,185.64.18.41,10/31/2011,8.1999998,Male,eterrey5v@mashable.com
308,876,185.64.18.41,9/27/2011,8.8000002,Female,crowlson8j@weebly.com
263,820,175.179.245.202,7/16/2011,1.6,Female,avenables7a@domainmarket.com
390,758,175.179.245.202,5/26/2011,8.1999998,Male,jsotheronat@jugem.jp
232,861,250.49.163.70,10/26/2011,7.0999999,Female,wspillane6f@cbslocal.com
235,714,250.49.163.70,11/15/2011,1.7,Female,abenbrick6i@shop-pro.jp
499,910,250.49.163.70,11/10/2011,9.3999996,Male,kphizackarleydu@weebly.com
216,723,243.37.17.175,9/24/2011,1.5,Male,fwarre5z@newsvine.com
220,784,207.152.136.7,9/14/2011,8.8999996,Male,hbrockington63@yelp.com
221,732,73.145.128.228,2/3/2011,7.4000001,Female,rwykes64@themeforest.net
222,761,150.20.30.241,1/25/2011,8.5,Male,mbritton65@un.org
223,887,43.214.77.115,2/4/2011,7.5999999,Male,lbostock66@census.gov
476,981,171.200.124.164,5/18/2011,2.0999999,Female,jackeryd7@dyndns.org
226,789,220.158.26.79,1/1/2011,8.8000002,Male,chilliam69@vk.com
342,762,220.158.26.79,11/13/2011,5.3000002,Male,slissemore9h@free.fr
234,710,182.54.74.202,4/18/2011,3.9000001,Female,estrooband6h@globo.com
418,779,58.149.125.44,9/23/2011,4.4000001,Female,scancuttbl@histats.com
233,766,253.57.104.170,2/3/2011,9.6000004,Female,eborgbartolo6g@reference.com
408,780,217.81.173.176,4/24/2011,4.8000002,Male,vblountbb@angelfire.com
292,708,180.54.170.183,1/19/2011,5.1999998,Female,ssheraton83@youku.com
236,866,2.33.8.254,8/20/2011,8.1999998,Female,smarzelle6j@youku.com
393,853,2.33.8.254,8/29/2011,3.5999999,Male,ovideneevaw@vinaora.com
239,827,9.23.176.79,5/18/2011,7.5999999,Male,dscramage6m@indiegogo.com
410,759,9.23.176.79,11/10/2011,5,Male,phadcockbd@toplist.cz
253,736,198.142.247.222,3/4/2011,6.5,Male,fmaccafferky70@taobao.com
335,906,218.21.104.137,7/19/2011,4.4000001,Female,klaurentino9a@people.com.cn
246,868,181.61.94.156,5/21/2011,7.4000001,Male,mbatecok6t@mapquest.com
248,722,102.176.38.177,7/7/2011,9.3000002,Male,chollows6v@xing.com
249,736,255.99.77.43,5/13/2011,3.3,Female,wbryden6w@twitpic.com
252,733,154.210.125.216,4/27/2011,6.5999999,Male,bnottingham6z@marriott.com
475,856,154.210.125.216,12/27/2011,5.5,Male,pwainscotd6@xing.com
307,991,184.51.177.103,6/5/2011,1.8,Male,gclover8i@mashable.com
257,986,119.179.97.112,9/10/2011,9.1000004,Female,atanser74@techcrunch.com
356,877,22.34.20.151,2/18/2011,7.6999998,Male,kollerhead9v@yale.edu
259,954,182.116.29.47,9/11/2011,2,Male,wjinkins76@exblog.jp
261,895,157.131.103.117,9/21/2011,4.5999999,Female,ryuryshev78@europa.eu
262,827,134.188.197.237,5/23/2011,8,Female,smaine79@omniture.com
357,713,134.188.197.237,5/29/2011,7.1999998,Male,ylivesay9w@who.int
264,774,155.100.99.150,7/14/2011,9.6000004,Male,smoynihan7b@smugmug.com
269,882,105.97.133.137,4/21/2011,1.4,Female,bhabert7g@lulu.com
399,715,87.208.14.243,2/18/2011,7.4000001,Female,strudgionb2@senate.gov
438,793,87.208.14.243,1/7/2011,5.1999998,Female,tkopkec5@1und1.de
489,908,87.208.14.243,7/30/2011,2.3,Male,mouverdk@baidu.com
273,810,70.217.144.142,1/23/2011,5,Female,ccorragan7k@linkedin.com
344,849,140.231.193.49,1/10/2011,1,Male,dbroadist9j@npr.org
315,874,51.68.229.134,12/17/2011,2.2,Female,ndoughtery8q@cdbaby.com
276,922,137.14.24.10,6/15/2011,8.1999998,Male,hdymoke7n@theglobeandmail.com
285,932,137.33.75.23,11/29/2011,3,Female,icourtese7w@hp.com
279,802,187.218.2.168,10/11/2011,1.3,Female,hswitzer7q@delicious.com
281,892,60.213.106.75,10/11/2011,6.4000001,Female,abucke7s@tripod.com
283,723,245.36.56.101,1/17/2011,5.0999999,Male,pkevlin7u@google.it
289,811,178.84.50.74,5/27/2011,6,Male,rgoscomb80@apple.com
370,902,178.84.50.74,12/25/2011,2.7,Female,lebenezera9@google.com.au
290,796,198.89.88.80,1/23/2011,2.2,Female,emarjanovic81@liveinternet.ru
459,823,114.198.91.249,4/26/2011,2,Male,mmagennycq@sfgate.com
486,869,114.198.91.249,4/22/2011,3.4000001,Male,iiuoriodh@paginegialle.it
347,981,32.227.0.39,11/18/2011,7.9000001,Male,eparbrook9m@imageshack.us
395,937,115.14.108.15,7/23/2011,7,Female,avedishchevay@netlog.com
295,920,234.192.245.156,8/22/2011,5.1999998,Female,hbassham86@senate.gov
362,886,54.20.170.155,5/10/2011,5.1999998,Male,kfarnana1@webs.com
299,938,145.171.102.177,10/22/2011,8.6999998,Female,gchidlow8a@nature.com
333,896,145.171.102.177,10/26/2011,5,Female,dmelbert98@usda.gov
305,990,68.15.215.42,8/24/2011,2.0999999,Male,mdanaher8g@topsy.com
354,777,189.18.86.229,5/1/2011,4.6999998,Female,nchristaeas9t@who.int
310,919,176.60.89.214,1/30/2011,2.2,Male,ebertelsen8l@illinois.edu
371,825,176.60.89.214,7/18/2011,7.1999998,Male,tstookeaa@businessweek.com
311,941,29.248.98.23,7/18/2011,2.4000001,Female,fstroobant8m@altervista.org
417,891,29.248.98.23,12/27/2011,7.5,Female,jgoldsterbk@dagondesign.com
312,833,21.31.122.90,8/23/2011,6.5,Male,kgierhard8n@guardian.co.uk
483,764,21.31.122.90,5/16/2011,2.2,Male,abrisde@google.pl
477,832,218.34.155.249,6/26/2011,1.5,Male,bsaddingtond8@yahoo.com
446,919,203.166.67.81,8/8/2011,8,Male,gquiggcd@aol.com
456,907,98.37.91.95,3/19/2011,7.5999999,Male,kbrahmscn@ask.com
501,915,98.37.91.95,7/2/2011,1.9,Female,lgroombridgedw@gravatar.com
378,824,172.200.251.146,9/24/2011,9.1000004,Male,hlenschah@irs.gov
461,741,176.220.174.95,9/30/2011,3.5999999,Female,aelgiecs@domainmarket.com
326,976,113.172.168.169,8/28/2011,7.0999999,Female,xstatter91@gov.uk
368,761,128.197.219.72,5/15/2011,1.5,Female,wbraidwooda7@usa.gov
496,963,191.126.71.36,7/12/2011,5.6999998,Male,tcopnelldr@geocities.com
338,30,132.69.12.245,3/13/2011,7.9000001,Male,tbraycotton9d@photobucket.com
492,999,156.141.45.117,8/26/2011,8.3000002,Female,rmincinidn@ucoz.com
400,892,139.131.127.253,12/22/2011,1.3,Female,mcorkillb3@spiegel.de
343,988,19.254.209.115,11/20/2011,5.5,Female,aunderhill9i@microsoft.com
345,828,142.85.186.193,4/28/2011,3.0999999,Female,gbuxy9k@discuz.net
498,994,142.85.186.193,3/25/2011,6,Male,cgowanlockdt@economist.com
349,932,68.21.16.151,10/28/2011,7.5999999,Male,dmorilla9o@e-recht24.de
352,944,163.213.135.202,6/24/2011,3.7,Female,itheunissen9r@yahoo.com
491,909,159.247.59.7,5/8/2011,5.9000001,Female,mlinfittdm@google.cn
355,891,248.37.102.200,2/24/2011,3.2,Female,galti9u@youtube.com
451,727,57.223.108.76,4/22/2011,2.7,Male,dgirardinci@shop-pro.jp
488,985,148.181.161.23,12/4/2011,1.1,Female,lgrombridgedj@ehow.com
369,711,76.12.206.197,5/18/2011,4.0999999,Female,ccaitlina8@godaddy.com
493,890,34.160.233.234,5/18/2011,3.5,Female,asheeringdo@buzzfeed.com
460,743,1.75.27.43,2/4/2011,5.1999998,Male,sbringloecr@blog.com
441,956,90.162.111.47,7/1/2011,7.9000001,Female,mbridgemanc8@a8.net
433,935,115.154.122.167,8/8/2011,3.3,Female,tbirtwistlec0@g.co
401,953,42.164.154.35,3/9/2011,2.7,Male,fmccluneyb4@ycombinator.com
479,907,26.194.14.60,12/13/2011,5.1999998,Male,gheldda@slashdot.org
415,867,159.127.195.104,5/22/2011,6.1999998,Female,ptookillbi@google.ca
471,715,159.127.195.104,12/24/2011,2.8,Female,rgossaged2@ehow.com
422,712,222.53.184.236,11/12/2011,5.5,Female,bhallwoodbp@moonfruit.com
424,980,49.76.98.188,10/7/2011,1.7,Male,gmearingbr@jigsy.com
432,838,18.242.37.138,5/16/2011,8,Female,mveritybz@topsy.com
465,943,98.237.92.24,7/13/2011,7.5,Female,bdiwellcw@msu.edu
457,856,119.9.225.76,4/19/2011,2.4000001,Female,rmcgurkco@wikipedia.org
462,772,251.106.87.87,10/8/2011,9.8999996,Male,pkeenleysidect@yandex.ru
502,940,71.103.252.160,12/8/2011,8.1000004,Female,fquinnettedx@time.com
503,894,56.128.152.16,4/20/2011,1.5,Female,uivettsdy@imdb.com
504,866,220.19.108.215,3/28/2011,7.6999998,Female,sgullickdz@berkeley.edu
505,914,222.113.0.29,10/17/2011,6.4000001,Male,hlapishe0@bluehost.com
506,856,150.168.18.135,9/10/2011,2,Male,bfieldsende1@photobucket.com
507,759,117.210.122.216,10/5/2011,1.7,Male,bhedworthe2@craigslist.org
508,969,80.143.234.129,2/2/2011,7.8000002,Female,vmenendese3@webnode.com
509,880,195.65.3.168,11/10/2011,4.0999999,Female,efeatherstonee4@theatlantic.com
510,984,54.112.204.15,4/8/2011,7.1999998,Female,bbourdase5@dyndns.org
511,937,74.183.220.212,11/2/2011,9,Female,bfurzee6@amazonaws.com
512,789,174.126.234.94,10/6/2011,8.6999998,Female,ghovendene7@engadget.com
513,918,51.171.213.194,12/21/2011,1.5,Male,plyptrite8@exblog.jp
514,971,10.32.51.220,3/2/2011,6.0999999,Male,abosherse9@msn.com
515,892,131.217.174.149,11/17/2011,4.6999998,Female,cofergusea@si.edu
516,856,139.131.127.253,10/3/2011,1.7,Male,madrianeb@bloomberg.com
517,806,191.241.12.36,8/10/2011,3.4000001,Female,textillec@bbc.co.uk
518,999,185.64.18.41,10/29/2011,7.6999998,Male,pbakhrushined@msu.edu
519,945,243.37.17.175,11/5/2011,5.3000002,Male,cbricknallee@drupal.org
520,730,121.200.120.65,7/5/2011,5.1999998,Female,jfishbieef@craigslist.org
521,861,63.60.15.220,5/29/2011,9,Female,lmahareyeg@earthlink.net
522,941,51.68.229.134,5/14/2011,1.9,Female,fadaneh@blogspot.com
523,903,35.25.219.120,5/4/2011,8.6000004,Male,ugiorgettiei@ted.com
524,950,95.51.85.189,1/23/2011,6.4000001,Female,taveryej@ed.gov
525,854,9.23.176.79,11/4/2011,2,Male,rrobleyek@blinklist.com
526,843,42.62.69.98,4/5/2011,1.2,Female,shelietel@163.com
527,962,177.72.16.127,3/30/2011,8.3999996,Female,emohammadem@oracle.com
528,994,105.97.133.137,7/6/2011,2.9000001,Female,tmessiteren@omniture.com
529,780,21.31.122.90,4/15/2011,5.5,Female,sgormleyeo@exblog.jp
530,876,33.135.175.136,3/9/2011,9.5,Female,pdyshartep@livejournal.com
531,930,177.72.16.127,12/19/2011,1.8,Male,rmahoodeq@blogspot.com
532,788,57.142.235.16,4/14/2011,3.2,Male,fdanneller@amazon.de
533,743,139.66.215.219,4/19/2011,5.5999999,Female,cinglibyes@moonfruit.com
534,920,137.164.27.113,8/27/2011,8.8999996,Female,wfulleet@imgur.com
535,967,223.201.108.250,10/7/2011,1.5,Female,bgaskereu@home.pl
536,991,32.227.0.39,2/14/2011,3.8,Male,dkelsallev@google.pl
537,938,171.195.78.192,8/17/2011,1.5,Male,draggeew@imdb.com
538,973,156.141.45.117,8/2/2011,6.6999998,Female,dknyvettex@ft.com
539,983,177.72.16.127,10/6/2011,1,Male,nmaccardey@icio.us
540,919,105.35.39.218,12/28/2011,7.4000001,Female,jpailez@posterous.com
541,917,237.196.77.199,7/19/2011,4.8000002,Male,wcornallf0@archive.org
542,909,90.162.111.47,10/24/2011,9.6000004,Female,saltoftf1@vinaora.com
543,962,115.154.122.167,3/5/2011,6.8000002,Female,igerataschf2@earthlink.net
544,994,220.158.26.79,11/15/2011,3.4000001,Male,enoadsf3@squidoo.com
545,753,245.91.225.126,1/1/2011,1.9,Female,klauritsenf4@whitehouse.gov
546,802,178.56.135.247,3/27/2011,8.8000002,Female,ashorthillf5@ehow.com
547,782,224.178.136.182,1/21/2011,2.4000001,Female,dbritnellf6@rediff.com
548,854,234.58.151.14,12/23/2011,2.2,Female,ogauvainf7@webs.com
549,736,5.140.171.130,2/11/2011,8.3000002,Male,ccraskef8@reddit.com
550,952,251.106.87.87,3/15/2011,5.5,Female,bbrigdenf9@imgur.com
551,761,151.163.67.251,9/30/2011,3.3,Male,markleyfa@whitehouse.gov
552,855,52.218.77.160,1/5/2011,4.8000002,Female,kbrandhardyfb@zimbio.com
553,973,151.62.6.160,2/28/2011,9.6999998,Female,jrawcliffefc@dion.ne.jp
554,903,51.239.115.19,7/4/2011,3.8,Female,rbutrimovichfd@indiegogo.com
555,835,14.91.87.214,4/24/2011,8.1999998,Male,ccogzellfe@weebly.com
556,976,149.47.105.185,4/10/2011,9.1000004,Male,erecherff@indiegogo.com
557,727,222.53.184.236,9/26/2011,9.1999998,Male,alegertonfg@hugedomains.com
558,751,14.67.12.120,9/14/2011,4.6999998,Female,kowlnerfh@jalbum.net
559,982,248.37.102.200,10/7/2011,7.5999999,Male,kstellfi@unicef.org
560,891,1.75.27.43,5/20/2011,4.9000001,Female,cmingusfj@ustream.tv
561,805,98.155.95.189,1/1/2011,1.9,Male,abocklerfk@wiley.com
562,861,221.253.160.169,10/17/2011,3.7,Female,spozerfl@cafepress.com
563,944,124.136.73.50,9/10/2011,6,Male,akennicottfm@oracle.com
564,789,220.19.108.215,8/17/2011,4.5,Male,bflarityfn@diigo.com
565,832,245.91.225.126,6/4/2011,8.1999998,Male,aheggisonfo@wunderground.com
566,924,240.212.203.110,10/3/2011,5.8000002,Female,nlimprichtfp@xinhuanet.com
567,940,231.181.239.72,11/30/2011,1.1,Female,kinnettfq@free.fr
568,813,120.179.222.8,2/7/2011,3.9000001,Male,sgrigorianfr@tuttocitta.it
569,836,71.248.231.101,3/23/2011,1.4,Male,kdambrogiofs@shinystat.com
570,858,73.145.128.228,12/23/2011,9.1999998,Female,gsicklingft@dot.gov
571,835,98.147.145.193,9/11/2011,8.8999996,Female,gberndtssonfu@house.gov
572,993,238.37.250.125,4/20/2011,8.6999998,Male,cramsierfv@toplist.cz
573,929,160.96.209.45,4/15/2011,3.3,Female,eupstonfw@nba.com
574,742,57.223.108.76,1/27/2011,3.7,Male,sorringefx@nifty.com
575,884,30.3.87.115,5/10/2011,7.9000001,Male,tnasseyfy@blogs.com
576,908,244.96.143.9,5/30/2011,2.9000001,Female,dtremethackfz@auda.org.au
577,820,196.202.185.68,8/15/2011,5.6999998,Female,ggodartg0@hexun.com
578,910,42.164.154.35,11/4/2011,3,Male,ebattg1@ucsd.edu
579,768,135.49.105.157,3/30/2011,2.5999999,Male,jmeecherg2@ft.com
580,951,53.170.52.108,1/8/2011,7.9000001,Male,rvaskovg3@geocities.jp
581,764,90.162.111.47,7/8/2011,2.4000001,Male,wmahoneyg4@github.com
582,839,18.74.65.209,7/27/2011,7,Female,kmottinig5@tripadvisor.com
583,753,68.21.16.151,3/3/2011,2,Female,asporesg6@friendfeed.com
584,752,241.102.146.195,2/28/2011,7.0999999,Male,mclackg7@yellowbook.com
585,739,93.152.63.31,4/9/2011,4.4000001,Male,drenshallg8@mlb.com
586,859,58.149.125.44,8/27/2011,5.4000001,Male,nloobyg9@prweb.com
587,908,162.212.43.75,12/10/2011,4.9000001,Male,oduchennega@about.me
588,882,95.82.96.158,11/20/2011,5.8000002,Female,efalkgb@cornell.edu
589,882,243.37.17.175,5/5/2011,2.3,Female,cdanielskygc@sciencedaily.com
590,725,52.218.77.160,5/11/2011,2.5,Male,vtoffolettogd@bigcartel.com
591,974,223.96.53.9,7/5/2011,7.5,Male,pbettinsonge@nationalgeographic.com
592,823,244.96.143.9,4/11/2011,5.5,Male,tcrissilgf@discuz.net
593,990,101.76.96.174,12/16/2011,6.6999998,Female,abanesgg@fotki.com
594,826,231.217.248.172,12/28/2011,6.1999998,Female,mwhatesgh@uol.com.br
595,754,31.98.112.7,8/1/2011,3.8,Male,espillmangi@mtv.com
596,935,120.179.222.8,10/24/2011,3,Female,hkearlegj@ocn.ne.jp
597,916,183.18.131.125,7/8/2011,2.4000001,Male,acorlessgk@reference.com
598,905,35.25.219.120,12/14/2011,2.3,Female,agurnellgl@nih.gov
599,747,106.166.36.22,7/4/2011,2.5999999,Male,tkingswoodgm@acquirethisname.com
600,804,43.214.77.115,9/19/2011,9.1000004,Female,gmowlegn@vk.com
601,985,120.179.222.8,3/1/2011,6.9000001,Female,tharlego@seesaa.net
602,979,171.195.78.192,4/11/2011,4.4000001,Male,paymergp@samsung.com
603,779,127.230.192.158,2/14/2011,5.5,Male,mloachgq@cbsnews.com
604,979,141.90.109.79,1/26/2011,1.2,Male,pbressongr@ow.ly
605,819,231.217.248.172,2/18/2011,8.6000004,Male,sgiovannettigs@cdc.gov
606,952,127.230.192.158,5/12/2011,2.8,Male,mrenehangt@miibeian.gov.cn
607,880,30.9.166.74,11/15/2011,3.4000001,Male,kdedrickgu@wikimedia.org
608,714,50.42.112.169,2/20/2011,2.7,Female,ccockingsgv@japanpost.jp
609,926,146.24.57.236,12/20/2011,5.5999999,Female,bbinyongw@bloglines.com
610,861,162.242.133.86,1/27/2011,8.3000002,Male,veratgx@etsy.com
611,913,30.101.180.9,4/25/2011,6.8000002,Female,kowlnergy@fastcompany.com
612,963,185.64.18.41,12/30/2011,8.6000004,Female,jwoodwinggz@tinyurl.com
613,890,162.212.43.75,6/24/2011,5.5,Female,vmousleyh0@prweb.com
614,791,247.254.236.201,8/29/2011,5.4000001,Male,cdoweh1@4shared.com
615,891,95.185.39.155,10/1/2011,2.2,Female,eredmoreh2@craigslist.org
616,886,139.131.127.253,10/23/2011,4.6999998,Female,tgoodbarneh3@weebly.com
617,894,221.52.19.246,3/22/2011,3.4000001,Male,mkorpolakh4@e-recht24.de
618,743,246.99.24.166,10/29/2011,2.3,Male,gcorseh5@goo.ne.jp
619,990,116.167.31.94,1/11/2011,9.8999996,Female,mbartelsh6@reverbnation.com
620,40,198.112.218.59,10/4/2011,8,Female,dtravissh7@google.co.jp
621,792,218.17.70.237,4/10/2011,8.1999998,Female,wconsadineh8@google.ca
622,981,139.131.127.253,10/4/2011,2,Male,docoskerryh9@cafepress.com
623,716,5.141.230.250,12/19/2011,9.1999998,Female,friplyha@yelp.com
624,933,206.237.59.125,3/20/2011,8,Female,fbointonhb@free.fr
625,797,39.13.90.35,10/20/2011,1.1,Female,bhutchenshc@yahoo.co.jp
626,937,83.109.248.56,8/20/2011,4.6999998,Female,pkilrowhd@themeforest.net
627,711,117.210.122.216,1/24/2011,5.5999999,Female,urohmerhe@nih.gov
628,859,233.41.82.119,4/29/2011,9.6999998,Female,lingersonhf@squidoo.com
629,997,26.244.97.140,9/13/2011,5.6999998,Male,mkrierhg@about.me
630,860,84.48.127.221,10/28/2011,8.8999996,Male,bpulverhh@blinklist.com
631,921,189.183.179.129,3/30/2011,1.8,Male,hhavelinhi@vinaora.com
632,758,147.16.87.181,9/30/2011,7.6999998,Male,agerardothj@oakley.com
633,745,102.142.18.100,6/18/2011,7,Female,rflindallhk@yale.edu
634,888,41.177.109.226,8/27/2011,8.6999998,Male,icopplestonehl@discuz.net
635,755,64.44.38.202,9/21/2011,2.4000001,Male,kambrosiohm@nsw.gov.au
636,888,68.15.215.42,12/13/2011,7.8000002,Female,nmeccohn@dmoz.org
637,719,98.37.91.95,7/4/2011,2.8,Female,tskellyho@sakura.ne.jp
638,772,227.91.74.185,2/4/2011,2,Male,sdegregoriohp@geocities.jp
639,900,187.190.241.112,2/14/2011,3.5999999,Female,ttimperleyhq@ted.com
640,896,60.252.54.228,11/14/2011,5.5999999,Female,mduchanthr@rakuten.co.jp
641,965,150.168.18.135,5/30/2011,4.0999999,Male,bclellhs@dot.gov
642,770,22.34.20.151,3/14/2011,5.6999998,Male,uvanderhovenht@dion.ne.jp
643,917,172.200.251.146,1/16/2011,9.8000002,Male,apanchinhu@telegraph.co.uk
644,725,251.88.21.149,9/28/2011,1.2,Male,acinnamondhv@joomla.org
645,879,69.149.197.88,2/3/2011,7.3000002,Female,fizenhw@printfriendly.com
646,809,43.146.132.213,6/1/2011,8.1000004,Male,jlundberghx@phpbb.com
647,785,189.18.86.229,7/9/2011,6.5,Male,kgopsellhy@1und1.de
648,965,23.155.130.50,8/9/2011,7.8000002,Male,hchippinghz@adobe.com
649,928,243.195.133.102,1/27/2011,1.3,Female,mgreenawayi0@usgs.gov
650,962,197.72.27.41,8/13/2011,5.1999998,Male,neveryi1@salon.com
651,711,109.90.84.248,6/28/2011,5.8000002,Male,mianellii2@pinterest.com
652,774,71.103.252.160,11/27/2011,4.4000001,Female,dbaxandalli3@geocities.jp
653,804,154.210.125.216,12/16/2011,8,Male,dtibbettsi4@ehow.com
654,836,14.91.87.214,1/19/2011,4.9000001,Female,ktuckleyi5@last.fm
655,727,126.56.100.191,10/1/2011,9.1999998,Male,mgarri6@abc.net.au
656,936,212.166.245.240,6/17/2011,6.5999999,Male,kdallowayi7@theguardian.com
657,911,30.95.9.121,9/9/2011,4.9000001,Female,cmeacheri8@vk.com
658,877,73.145.128.228,1/18/2011,9.1000004,Female,bwilkisoni9@list-manage.com
659,716,71.103.252.160,2/24/2011,3.5,Male,rwetherheadia@wikispaces.com
660,780,6.210.149.56,1/2/2011,7.5999999,Female,aplowellib@uol.com.br
661,858,233.41.82.119,12/11/2011,3.4000001,Male,jsimmansic@google.ca
662,869,191.241.12.36,12/14/2011,2.4000001,Male,mmerritonid@a8.net
663,750,22.31.36.20,4/19/2011,3.8,Male,atookerie@wikia.com
664,820,246.99.24.166,1/3/2011,6.9000001,Male,eclarkeif@unblog.fr
665,880,51.68.229.134,12/12/2011,4.8000002,Female,klemarieig@nsw.gov.au
666,956,4.92.46.52,2/10/2011,7.6999998,Female,uchilleyih@apache.org
667,789,137.33.75.23,11/4/2011,2.0999999,Male,ahalsonii@163.com
668,777,214.204.10.7,12/14/2011,9.1000004,Male,tdanilchenkoij@wsj.com
669,774,220.158.26.79,7/12/2011,9.8000002,Male,uchapellik@theatlantic.com
670,964,162.242.133.86,12/26/2011,1.7,Female,tmchargil@twitter.com
671,725,44.94.166.242,2/21/2011,4,Female,cwhissellim@theguardian.com
672,881,224.118.29.26,2/8/2011,1.1,Female,juccelloin@stanford.edu
673,893,145.171.102.177,1/23/2011,1.8,Male,bthorbyio@illinois.edu
674,879,43.146.132.213,4/7/2011,7.3000002,Female,aguessip@wunderground.com
675,962,116.1.40.101,7/11/2011,1.9,Male,hgoodspeediq@hao123.com
676,762,180.54.170.183,3/21/2011,2,Female,jtremeerir@reuters.com
677,988,218.224.162.135,9/5/2011,4.5999999,Female,tpawlynis@themeforest.net
678,850,253.251.155.12,10/25/2011,2.4000001,Male,sblowfieldit@clickbank.net
679,838,159.247.59.7,10/22/2011,6.5,Female,afilippiiu@msn.com
680,899,210.203.219.87,6/9/2011,9.3999996,Female,cjindaiv@wunderground.com
681,798,240.212.203.110,8/15/2011,6.4000001,Male,dcasarinoiw@ehow.com
682,852,33.133.113.223,8/26/2011,4.3000002,Male,aengaix@nifty.com
683,823,146.24.57.236,6/22/2011,3,Female,wwilleyiy@quantcast.com
684,747,217.81.173.176,11/9/2011,6.5,Male,hgreenacreiz@nationalgeographic.com
685,948,29.21.51.109,1/14/2011,8.6000004,Male,kdumphreysj0@forbes.com
686,878,121.200.120.65,7/28/2011,9.6000004,Female,balcidej1@blogger.com
687,781,76.70.73.65,8/18/2011,8.3000002,Male,rbiggerdikej2@tiny.cc
688,990,37.68.200.220,1/18/2011,8.3000002,Male,mskatej3@biblegateway.com
689,957,42.245.196.86,10/13/2011,2,Female,skemetzj4@tumblr.com
690,765,123.127.132.59,10/29/2011,6.4000001,Female,fjinksj5@oracle.com
691,827,112.152.79.181,4/8/2011,1.7,Female,cbaughamj6@dell.com
692,925,81.199.35.165,4/7/2011,9,Male,rfremantlej7@rakuten.co.jp
693,806,187.120.90.95,4/16/2011,3.3,Female,mnuttenj8@nih.gov
694,862,37.110.219.150,1/1/2011,8.1000004,Female,qwolverj9@moonfruit.com
695,776,0.55.73.231,11/26/2011,4.3000002,Male,kstarbuckja@livejournal.com
696,905,85.18.59.18,1/26/2011,2.7,Male,opiddockjb@google.com.hk
697,944,204.116.246.51,2/23/2011,5.5,Female,hprobertjc@wordpress.com
698,854,232.231.215.118,5/25/2011,8.1999998,Male,fbloorejd@tripadvisor.com
699,752,232.231.215.118,9/22/2011,9.6000004,Male,apatmanje@dedecms.com
700,895,232.36.238.45,12/25/2011,7.0999999,Male,ydallemorejf@a8.net
701,850,151.62.6.160,3/19/2011,9.1999998,Female,ralchinjg@photobucket.com
702,804,22.34.20.151,4/17/2011,7.9000001,Male,rrosenhausjh@amazon.com
703,716,197.50.161.225,11/14/2011,1.5,Male,oskipperbottomji@list-manage.com
704,849,251.205.18.150,1/29/2011,6.0999999,Male,lmichaljj@wikispaces.com
705,864,30.9.166.74,7/9/2011,6,Male,hcattlowjk@reddit.com
706,763,34.196.28.26,10/14/2011,6.6999998,Male,kstorchjl@epa.gov
707,949,174.9.93.103,3/9/2011,3.5999999,Male,lsparkesjm@zimbio.com
708,979,137.119.182.239,12/17/2011,5,Female,nlinkinjn@gizmodo.com
709,941,241.47.99.129,6/11/2011,8,Female,aeastwayjo@nbcnews.com
710,761,160.3.220.112,10/12/2011,10,Female,agarretjp@telegraph.co.uk
711,930,31.98.112.7,11/5/2011,3.0999999,Male,mmcgarrelljq@scientificamerican.com
712,970,112.152.79.181,6/11/2011,8.1000004,Female,lbenesjr@mozilla.com
713,954,23.225.240.64,3/1/2011,4.5,Male,tbebbelljs@army.mil
714,900,185.81.203.215,1/2/2011,5.5999999,Male,dlaveryjt@soup.io
715,827,220.19.108.215,10/11/2011,5.3000002,Male,npeertju@tinypic.com
716,718,61.211.182.200,11/25/2011,2.8,Male,npanchinjv@ebay.co.uk
717,877,248.37.102.200,12/23/2011,8,Female,mmactrustamjw@spiegel.de
718,900,85.203.235.204,12/19/2011,5.5,Male,kkneeshawjx@zdnet.com
719,956,218.17.70.237,7/11/2011,4.9000001,Female,gtriggoljy@hhs.gov
720,750,12.151.52.174,4/16/2011,7.8000002,Male,mgurysjz@skyrock.com
721,905,172.58.143.101,9/5/2011,2.9000001,Female,jyousterk0@shinystat.com
722,879,251.106.87.87,3/17/2011,4.4000001,Female,khinderk1@imageshack.us
723,770,180.255.115.97,1/3/2011,6.5999999,Female,jalenichicovk2@redcross.org
724,850,23.155.130.50,3/10/2011,8.3999996,Female,skindellk3@answers.com
725,808,1.209.222.43,4/14/2011,1.6,Male,sbothamk4@dion.ne.jp
726,771,37.110.219.150,8/4/2011,1.5,Male,dkettridgek5@bbb.org
727,748,154.210.125.216,4/15/2011,9.8000002,Female,abanfillk6@wordpress.org
728,963,198.250.235.210,1/7/2011,8.1000004,Female,hmurcottk7@hc360.com
729,773,226.251.27.242,8/12/2011,7.4000001,Male,shedleyk8@vk.com
730,961,178.84.50.74,11/5/2011,5.1999998,Female,ldavidowk9@cargocollective.com
731,880,43.146.132.213,10/25/2011,6.9000001,Male,ctrayeska@ft.com
732,927,55.119.24.170,2/13/2011,7.4000001,Male,bkermankb@about.com
733,978,43.19.62.249,10/14/2011,2.0999999,Female,kshapirokc@elpais.com
734,980,50.42.112.169,9/10/2011,8.3000002,Female,yricheskd@msu.edu
735,918,175.141.210.247,3/8/2011,8.5,Male,wwidockske@webnode.com
736,717,251.205.18.150,7/28/2011,5.0999999,Male,tjerroldkf@vkontakte.ru
737,876,63.60.15.220,4/8/2011,7.3000002,Female,hblountkg@wix.com
738,736,9.159.74.217,1/5/2011,10,Male,trintoulkh@indiegogo.com
739,857,160.34.193.167,5/15/2011,8.3999996,Male,rzanicchelliki@columbia.edu
740,754,83.43.1.202,8/27/2011,5.5,Male,oeldredkj@simplemachines.org
741,951,27.233.222.8,4/28/2011,9,Male,btemporalkk@miitbeian.gov.cn
742,817,71.248.231.101,5/6/2011,2.8,Female,cwapolkl@mapquest.com
743,770,4.92.46.52,2/7/2011,7.8000002,Female,dmacsherrykm@newsvine.com
744,998,184.166.8.150,4/26/2011,5.0999999,Female,mpiddletownkn@ehow.com
745,982,226.129.75.130,12/8/2011,5.9000001,Male,dliebrechtko@ebay.com
746,777,227.91.74.185,1/8/2011,4,Female,tiacobaccikp@rambler.ru
747,948,123.68.209.50,10/6/2011,5.4000001,Male,vswadlinkq@arizona.edu
748,786,160.3.220.112,1/10/2011,7.1999998,Male,lhadnykr@networkadvertising.org
749,747,188.205.95.65,12/8/2011,3,Male,graschks@fastcompany.com
750,739,125.95.124.144,12/14/2011,5.1999998,Male,zcoursorkt@wordpress.org
751,993,71.103.252.160,1/21/2011,5.5999999,Female,pshiersku@netvibes.com
752,905,224.178.136.182,1/9/2011,5.6999998,Male,emcfetrichkv@cdc.gov
753,975,64.130.138.219,2/14/2011,1.8,Male,crylekw@elegantthemes.com
754,862,98.37.91.95,12/23/2011,8.8999996,Male,ccamplenkx@tiny.cc
755,856,251.205.18.150,2/10/2011,3.7,Male,bsiviourky@opensource.org
756,879,126.230.166.189,11/22/2011,3.5999999,Male,mrosencrantzkz@senate.gov
757,729,66.200.13.98,10/30/2011,3.3,Male,irozel0@google.co.jp
758,922,184.150.176.254,11/9/2011,2.5,Male,jmichall1@hexun.com
759,810,31.228.168.91,2/18/2011,9.1999998,Female,hbasill2@homestead.com
760,823,28.188.42.109,5/6/2011,9.8999996,Female,agammadel3@digg.com
761,955,159.33.66.205,5/7/2011,4.9000001,Female,rscamwelll4@weibo.com
762,909,98.37.91.95,2/12/2011,4.8000002,Female,gwigelsworthl5@xrea.com
763,719,64.67.144.79,12/8/2011,7.5,Female,cdelaundel6@google.com.br
764,787,180.54.170.183,9/5/2011,4.6999998,Female,creyel7@t-online.de
765,934,19.254.209.115,8/23/2011,2.3,Male,hstatenl8@ox.ac.uk
766,796,245.91.225.126,3/28/2011,3.5999999,Female,sdarlassonl9@arizona.edu
767,796,115.154.122.167,12/2/2011,3.5,Male,nfriarla@icq.com
768,882,150.20.30.241,1/2/2011,9.8999996,Female,mriattlb@columbia.edu
769,774,157.131.103.117,3/8/2011,4.8000002,Male,wguttridgelc@answers.com
770,749,214.204.10.7,8/19/2011,7.5999999,Male,stickld@ted.com
771,980,184.166.8.150,11/27/2011,4.5999999,Female,kfeldsternle@narod.ru
772,763,137.164.27.113,9/11/2011,9.8000002,Female,aolcotlf@example.com
773,833,198.142.247.222,4/28/2011,6.6999998,Female,bclemolg@indiatimes.com
774,709,124.177.236.247,4/1/2011,7.5999999,Female,barchardlh@blinklist.com
775,978,197.54.81.183,4/8/2011,7.4000001,Male,jallenli@google.co.jp
776,999,216.198.62.17,4/4/2011,2.0999999,Female,jfolkertslj@biglobe.ne.jp
777,885,67.10.88.221,3/8/2011,8.6999998,Female,wkopaceklk@qq.com
778,765,120.98.226.238,11/5/2011,2,Male,kcarthyll@whitehouse.gov
780,951,235.246.135.95,9/18/2011,7.9000001,Male,hbransdenln@cnn.com
781,825,87.208.14.243,4/26/2011,2.5,Male,hleveylo@newyorker.com
782,825,131.217.174.149,1/7/2011,5.9000001,Male,lautrylp@aboutads.info
783,765,39.13.90.35,7/15/2011,5.4000001,Female,wcreswelllq@infoseek.co.jp
784,968,23.96.122.126,7/6/2011,7.8000002,Male,lbearwardlr@gravatar.com
785,750,216.221.103.92,6/1/2011,1.2,Male,mbrittonerls@gizmodo.com
786,874,21.31.122.90,7/28/2011,8.1000004,Female,dwesselllt@vimeo.com
787,765,198.112.218.59,3/23/2011,4.6999998,Male,ccripwelllu@theguardian.com
788,813,123.31.198.46,6/10/2011,1,Male,alubertolv@scribd.com
789,998,44.94.166.242,5/12/2011,2.0999999,Female,mdykalw@gravatar.com
790,867,222.193.8.147,8/1/2011,9.8000002,Female,ebarkelx@epa.gov
791,707,5.81.30.98,2/19/2011,1.6,Male,cmaccafferyly@google.ru
792,726,180.255.115.97,9/10/2011,5.9000001,Male,scarrelllz@desdev.cn
793,767,178.84.50.74,7/7/2011,9.1000004,Male,kwinterbothamm0@naver.com
794,860,37.68.200.220,6/15/2011,5.0999999,Female,rcutajarm1@aol.com
795,723,124.177.236.247,12/19/2011,7.0999999,Male,scussenm2@state.tx.us
796,774,9.240.19.172,12/7/2011,9.6000004,Male,sbidgoodm3@archive.org
797,931,60.213.106.75,11/5/2011,5.6999998,Female,mtolmanm4@examiner.com
798,945,173.144.200.37,5/2/2011,8.6999998,Male,lhaughanm5@hud.gov
799,802,206.237.59.125,4/20/2011,4.5999999,Female,gcrystalm6@dmoz.org
800,907,184.188.15.98,10/25/2011,1.6,Male,vrottenburym7@google.ru
801,708,144.158.106.226,7/19/2011,1.7,Male,koelsm8@phpbb.com
802,864,37.181.92.95,1/2/2011,4.4000001,Male,jmakenm9@msn.com
803,729,121.200.120.65,4/17/2011,8.1000004,Male,dharrhyma@psu.edu
804,709,229.129.224.0,5/21/2011,3.8,Female,sbrugemannmb@4shared.com
805,789,178.84.50.74,10/28/2011,4.3000002,Female,mkeenlaysidemc@cmu.edu
806,932,86.20.128.136,8/2/2011,4,Male,kschorodermd@istockphoto.com
807,928,47.248.204.23,6/26/2011,5.0999999,Female,fshrawleyme@google.com.au
808,959,209.90.56.221,8/27/2011,5.1999998,Female,mwilliammf@simplemachines.org
809,722,9.23.176.79,1/10/2011,5.5999999,Male,bpaslowmg@cbsnews.com
810,736,80.181.0.227,1/4/2011,9.6000004,Male,asimsonmh@buzzfeed.com
811,866,59.33.247.172,1/4/2011,7.1999998,Female,abouldingmi@elegantthemes.com
812,970,147.197.125.71,6/28/2011,6.5999999,Female,edonmj@bing.com
813,984,44.162.75.222,12/22/2011,5.8000002,Female,fsimamk@list-manage.com
814,798,179.77.233.210,9/27/2011,7.5,Female,jgoncavesml@bloomberg.com
815,817,162.212.43.75,6/6/2011,1.1,Male,sgrabenmm@joomla.org
816,826,171.155.141.188,11/1/2011,4.5999999,Male,mshivlinmn@hud.gov
817,935,101.76.96.174,10/26/2011,1.8,Female,rcarseymo@mayoclinic.com
818,909,159.247.59.7,11/28/2011,9.6999998,Male,ktaklemp@baidu.com
819,936,204.212.69.80,6/24/2011,4.9000001,Male,dzannettimq@hubpages.com
820,897,218.21.104.137,3/19/2011,2.9000001,Male,hriememr@google.com.au
821,883,166.200.177.127,8/30/2011,9.1000004,Female,adeabillms@instagram.com
822,979,154.210.125.216,4/10/2011,1.2,Male,nchallensmt@exblog.jp
823,772,12.222.122.116,6/18/2011,6,Male,kgoddmanmu@wikimedia.org
824,904,196.202.185.68,9/8/2011,7.0999999,Female,asheamv@tinyurl.com
825,832,145.39.67.58,1/20/2011,3.7,Male,mdumelowmw@yellowpages.com
826,898,191.241.12.36,8/15/2011,9,Female,frollmx@storify.com
827,751,237.99.255.185,12/30/2011,8.3999996,Female,agreganmy@4shared.com
828,772,205.45.234.188,1/25/2011,1.8,Male,vkondratowiczmz@house.gov
829,985,120.98.226.238,2/25/2011,6.6999998,Female,dsnailhamn0@smh.com.au
830,774,70.217.144.142,2/14/2011,4.1999998,Female,gmaticn1@is.gd
831,718,32.227.0.39,12/21/2011,5.3000002,Male,vtimmsn2@woothemes.com
832,871,187.168.80.253,8/8/2011,6,Female,smosdalln3@google.com.hk
833,817,69.152.197.62,7/25/2011,5.6999998,Female,jbiernatn4@yahoo.co.jp
834,899,150.20.30.241,12/17/2011,3.9000001,Female,tleathleyn5@yelp.com
835,726,54.20.170.155,4/12/2011,9.3000002,Male,ljorissenn6@sun.com
836,951,66.200.13.98,2/17/2011,1.3,Female,bterneyn7@amazon.de
837,789,97.39.220.179,1/24/2011,5.1999998,Female,rivimeyn8@jalbum.net
838,962,235.254.248.5,12/4/2011,7.6999998,Female,lbowcockn9@vistaprint.com
839,946,60.213.106.75,9/2/2011,1.7,Female,sgioanna@cloudflare.com
840,853,144.79.227.237,4/15/2011,8.3000002,Female,pthompsettnb@dailymotion.com
841,994,114.198.91.249,6/29/2011,5.8000002,Female,nbalassinc@webs.com
842,808,237.99.255.185,11/15/2011,3.7,Male,jbruckmannd@reuters.com
843,745,144.158.106.226,5/31/2011,1.3,Male,jlarriene@craigslist.org
844,930,228.51.13.185,8/20/2011,4.9000001,Female,mpeskettnf@rakuten.co.jp
845,711,171.155.141.188,5/24/2011,1.7,Female,cmccrearyng@surveymonkey.com
846,976,47.248.204.23,5/18/2011,8.6000004,Female,nsegrottnh@patch.com
847,849,145.210.238.211,8/26/2011,8.5,Male,folinni@sbwire.com
848,753,160.3.220.112,10/29/2011,4.4000001,Female,smatijasevicnj@smh.com.au
849,903,51.104.197.119,6/20/2011,8.1000004,Male,vhollyarnk@github.com
850,948,226.215.65.122,12/15/2011,3.5999999,Male,brickerseynl@amazon.co.uk
851,743,98.155.95.189,8/30/2011,4.6999998,Male,sdewsnm@ovh.net
852,927,139.131.127.253,9/25/2011,1,Female,pdibsdalenn@omniture.com
853,963,184.150.176.254,8/13/2011,7.8000002,Female,ewylltno@mtv.com
854,852,227.91.74.185,5/19/2011,7.9000001,Female,hellsomnp@webs.com
855,983,251.157.155.21,11/23/2011,2.0999999,Male,wgamesonnq@devhub.com
856,788,248.37.102.200,11/5/2011,3.9000001,Female,gberthonnr@wordpress.org
857,999,43.146.132.213,3/4/2011,6.1999998,Male,gfolderns@berkeley.edu
858,973,16.132.72.38,7/14/2011,9.3000002,Female,jpaddocknt@mail.ru
859,858,71.248.231.101,7/14/2011,9.3999996,Male,bpretselnu@tinyurl.com
860,915,42.83.90.158,4/19/2011,2.8,Female,pspongnv@bloglovin.com
861,956,171.195.78.192,11/30/2011,3.3,Male,jbloxholmnw@seattletimes.com
862,920,184.51.177.103,12/18/2011,1.8,Male,jfiermannx@plala.or.jp
863,761,123.31.198.46,11/19/2011,1.8,Male,ddenecampny@sphinn.com
864,819,218.224.162.135,10/17/2011,6.5,Male,gbrayshaynz@utexas.edu
865,855,37.112.250.120,1/7/2011,7.3000002,Female,fhardmano0@accuweather.com
866,956,26.194.14.60,11/29/2011,4.0999999,Female,umcphilipo1@theatlantic.com
867,945,233.41.82.119,9/27/2011,9.5,Female,borteto2@t-online.de
868,856,148.53.95.247,12/22/2011,5.5,Female,bcromieo3@mysql.com
869,863,63.113.69.26,8/17/2011,1.3,Male,rjirkao4@digg.com
870,870,42.12.200.60,9/12/2011,7.0999999,Male,dcorbishleyo5@i2i.jp
871,893,224.136.237.170,12/9/2011,5.1999998,Male,lmoraleso6@desdev.cn
872,799,52.119.213.128,5/5/2011,3.8,Male,hgiberdo7@dailymotion.com
873,872,184.150.176.254,7/17/2011,4.9000001,Male,srufflio8@wordpress.com
874,753,171.155.141.188,8/14/2011,4.4000001,Female,charradineo9@europa.eu
875,763,233.235.17.218,9/14/2011,4.8000002,Female,fgadaultoa@amazonaws.com
876,985,32.227.0.39,4/18/2011,2.9000001,Female,ldumbltonob@w3.org
877,873,1.209.222.43,6/16/2011,4.5999999,Male,igorrissenoc@de.vu
878,897,95.51.85.189,12/14/2011,3.5999999,Female,ekenionod@over-blog.com
879,859,123.68.209.50,3/14/2011,7.8000002,Female,vmunnisoe@marketwatch.com
880,819,170.218.25.103,5/27/2011,8.3999996,Female,ssheardownof@walmart.com
881,968,159.33.66.205,1/27/2011,7.1999998,Female,aalyokhinog@a8.net
882,730,120.188.107.241,3/25/2011,7.8000002,Female,adeveraloh@huffingtonpost.com
883,722,116.167.31.94,7/20/2011,9.1999998,Male,mbernardonoi@ucoz.ru
884,915,147.197.125.71,4/25/2011,8.3999996,Female,gitzkovoj@cbslocal.com
885,784,23.155.130.50,4/2/2011,6.1999998,Female,amogerok@over-blog.com
886,779,82.140.229.51,6/8/2011,2.3,Female,imogerol@alexa.com
887,990,14.91.87.214,5/22/2011,7.0999999,Male,jpurslowom@xing.com
888,765,32.227.0.39,11/12/2011,1.1,Female,rconboyon@istockphoto.com
889,970,117.210.122.216,2/18/2011,1.2,Female,mranbyoo@hao123.com
890,889,176.60.89.214,7/24/2011,4.3000002,Male,dbairdop@csmonitor.com
891,973,31.252.195.141,9/16/2011,8,Male,slarveroq@delicious.com
892,860,145.171.102.177,11/1/2011,4,Female,mbarajasor@cpanel.net
893,867,139.26.171.212,9/14/2011,5.9000001,Female,roflahertyos@tinypic.com
894,858,95.51.85.189,8/20/2011,7.4000001,Male,rrixot@google.com.au
895,857,191.241.12.36,12/25/2011,5.3000002,Female,sblackdenou@kickstarter.com
896,815,98.37.91.95,4/30/2011,2.9000001,Female,nbeefonov@mtv.com
897,943,170.218.25.103,9/24/2011,3.3,Male,tcoulterow@ibm.com
898,768,146.24.57.236,11/2/2011,4.8000002,Female,cscarthox@sakura.ne.jp
899,831,166.200.177.127,2/14/2011,4,Male,lnancekivelloy@ted.com
900,972,43.146.132.213,10/2/2011,4,Male,afilppettioz@lycos.com
901,859,195.137.126.215,7/6/2011,2.0999999,Male,eduplanp0@eepurl.com
902,739,31.98.112.7,1/20/2011,7.1999998,Male,sbromep1@desdev.cn
903,826,63.113.69.26,11/2/2011,5.1999998,Male,bilchukp2@printfriendly.com
904,898,56.92.29.182,2/10/2011,7.5,Female,bpentycrossp3@goo.gl
905,839,80.181.0.227,10/16/2011,8.8000002,Female,deakinp4@dailymotion.com
906,947,127.230.192.158,3/13/2011,8.1000004,Male,gmurrayp5@microsoft.com
907,850,179.77.233.210,7/2/2011,6.6999998,Female,gfaransp6@github.io
908,936,139.221.116.178,4/15/2011,5.1999998,Male,lsommerlyp7@cafepress.com
909,825,248.37.102.200,1/7/2011,2.9000001,Female,lcorderop8@slashdot.org
910,775,219.115.32.16,8/10/2011,3.4000001,Female,bconroyp9@fc2.com
911,783,185.64.18.41,8/17/2011,9.1999998,Female,slilloepa@ehow.com
912,945,69.195.87.119,7/8/2011,5.5,Male,nkeenlaysidepb@gov.uk
913,881,204.116.246.51,7/9/2011,6,Male,bangelipc@nationalgeographic.com
914,715,207.156.15.160,2/12/2011,9.8000002,Male,jbraxtonpd@si.edu
915,882,98.155.95.189,3/14/2011,8,Male,fmcateerpe@ifeng.com
916,791,4.161.177.49,3/26/2011,3.0999999,Male,sblanshardpf@parallels.com
917,748,65.32.13.1,2/9/2011,7.5,Male,tgunstonpg@bloomberg.com
918,925,197.54.81.183,8/4/2011,2.5,Female,wrainforthph@cbslocal.com
919,957,19.254.209.115,9/27/2011,5,Male,ekimberlypi@buzzfeed.com
920,826,95.185.39.155,5/19/2011,2,Male,drickispj@technorati.com
921,707,128.228.103.80,4/26/2011,1.5,Male,amenichillopk@washingtonpost.com
922,968,206.237.59.125,8/17/2011,9.8999996,Female,sgisbornepl@amazon.co.uk
923,958,9.205.252.30,6/18/2011,8,Male,jbartkiewiczpm@deliciousdays.com
924,896,58.190.222.62,10/11/2011,6.5,Female,lberryclothpn@deviantart.com
925,776,250.49.163.70,6/23/2011,8.6999998,Male,dlongmorepo@google.es
926,780,82.140.229.51,1/8/2011,3.5,Female,rheardpp@hhs.gov
927,788,182.54.74.202,3/15/2011,9.1999998,Female,adowmanpq@163.com
928,946,90.162.111.47,11/17/2011,4.5999999,Female,rbestwallpr@amazonaws.com
929,929,9.121.204.238,5/4/2011,2.9000001,Male,hthewysps@webeden.co.uk
930,857,80.96.222.50,6/20/2011,1.5,Male,kbetjept@wordpress.com
931,748,184.152.249.5,3/26/2011,2.8,Female,aashardpu@soundcloud.com
932,998,189.183.179.129,3/28/2011,2.9000001,Male,hmarplespv@yandex.ru
933,890,145.39.67.58,4/9/2011,6.3000002,Male,owartonbypw@macromedia.com
934,991,17.21.118.12,2/12/2011,2,Female,dbrennandpx@si.edu
935,932,105.35.39.218,10/22/2011,2.5,Male,rbrammerpy@gizmodo.com
936,785,69.149.197.88,9/19/2011,6.8000002,Male,cspehrpz@macromedia.com
937,915,159.127.195.104,7/14/2011,8.3000002,Female,czanniq0@phoca.cz
938,943,187.120.90.95,9/10/2011,8.6000004,Female,gwhitticksq1@fotki.com
939,863,17.21.118.12,4/13/2011,6.8000002,Female,dalgerq2@businessweek.com
940,727,174.216.23.159,12/14/2011,1.3,Female,oriddichq3@unblog.fr
941,973,35.79.60.96,5/8/2011,2.9000001,Male,dolageneq4@sakura.ne.jp
942,981,147.124.17.141,4/19/2011,6.9000001,Female,csandellq5@pbs.org
943,767,240.128.11.125,2/22/2011,6.0999999,Female,cosininq6@imageshack.us
944,960,70.217.144.142,8/11/2011,6.0999999,Male,dbannonq7@sogou.com
945,930,59.23.9.126,10/31/2011,5.6999998,Female,smcneeq8@123-reg.co.uk
946,778,22.34.20.151,12/27/2011,9.1999998,Male,tsyvretq9@craigslist.org
947,771,235.246.135.95,9/4/2011,7.8000002,Female,ikrochmannqa@auda.org.au
948,976,7.178.77.124,6/18/2011,7.6999998,Male,keathorneqb@hibu.com
949,897,23.214.224.78,10/12/2011,3.8,Female,wmcilwraithqc@wix.com
950,979,123.31.198.46,4/26/2011,6,Female,mthompsonqd@wikispaces.com
951,986,144.158.106.226,9/16/2011,7.5,Female,beadeqe@amazon.co.uk
952,796,238.37.250.125,8/17/2011,7.1999998,Female,bdosedaleqf@diigo.com
953,831,224.178.136.182,12/13/2011,9.1000004,Male,sslocketqg@sbwire.com
954,805,174.216.23.159,10/4/2011,1.1,Female,cotsonqh@photobucket.com
955,765,55.6.226.82,5/14/2011,3.4000001,Male,jmallyaqi@barnesandnoble.com
956,894,223.96.53.9,1/2/2011,9.8999996,Female,ajelphsqj@illinois.edu
957,927,188.171.194.46,7/22/2011,9.3999996,Male,fliversidgeqk@weather.com
958,978,245.91.225.126,8/17/2011,7.5,Female,aspringfordql@so-net.ne.jp
959,722,204.212.69.80,3/15/2011,9.1000004,Male,swestnageqm@imageshack.us
960,942,86.147.224.117,4/23/2011,8.8000002,Male,brabierqn@sciencedaily.com
961,733,15.51.229.24,9/23/2011,2.5999999,Female,klegueyqo@apache.org
962,905,60.252.54.228,3/2/2011,7.5,Male,aocklinqp@instagram.com
963,808,23.214.224.78,11/11/2011,3.4000001,Male,kchrispinqq@skype.com
964,719,233.41.82.119,6/16/2011,6,Male,mrycraftqr@foxnews.com
965,884,178.84.50.74,3/5/2011,8.6000004,Female,canelayqs@google.com
966,775,26.194.14.60,3/15/2011,8.5,Male,dmactrusteyqt@youku.com
967,991,7.178.77.124,1/1/2011,1.5,Female,msedgmondqu@symantec.com
968,732,27.164.134.182,3/2/2011,8.1999998,Female,bvanbaarenqv@vkontakte.ru
969,893,174.216.23.159,12/8/2011,3.0999999,Female,lolivetiqw@drupal.org
970,817,237.196.77.199,4/4/2011,6,Female,lswaffieldqx@wisc.edu
971,941,78.110.52.181,6/2/2011,2.5999999,Female,nwisherqy@jalbum.net
972,793,153.42.45.115,4/30/2011,5.1999998,Female,kpantridgeqz@csmonitor.com
973,759,142.253.23.97,5/14/2011,9.1000004,Female,lmelledyr0@booking.com
974,805,172.200.251.146,3/17/2011,5.5999999,Male,rnewburyr1@youtube.com
975,822,128.228.103.80,1/10/2011,8.1999998,Female,psappyr2@nyu.edu
976,759,185.81.203.215,6/19/2011,2.5999999,Male,obeamsonr3@yellowbook.com
977,782,52.232.152.104,3/24/2011,6.0999999,Female,hmillsomr4@weibo.com
978,754,79.196.209.44,6/8/2011,1.6,Female,rpocknellr5@thetimes.co.uk
979,881,4.161.177.49,5/13/2011,4.3000002,Male,fhousecraftr6@thetimes.co.uk
980,945,52.218.77.160,9/26/2011,7.9000001,Male,efieldersr7@liveinternet.ru
981,792,105.97.133.137,6/26/2011,6.3000002,Female,laldrickr8@java.com
982,782,90.86.61.33,12/8/2011,7.4000001,Male,ghadwickr9@github.com
983,876,42.62.69.98,6/6/2011,5.4000001,Female,oizaacra@harvard.edu
984,970,63.149.239.184,10/4/2011,2,Female,dmattiaccirb@rakuten.co.jp
985,867,175.141.210.247,9/12/2011,5.0999999,Male,ctoombsrc@diigo.com
986,729,14.91.87.214,7/1/2011,8.6999998,Female,bpechetrd@tinypic.com
987,784,101.76.96.174,11/13/2011,6,Female,caspelre@booking.com
988,997,164.79.143.40,12/23/2011,3.9000001,Male,bterbruggerf@technorati.com
989,811,253.12.105.96,5/7/2011,9.6999998,Female,bmessagerrg@squidoo.com
990,937,98.180.232.162,8/14/2011,8.6999998,Female,arennicksrh@ted.com
991,895,204.212.69.80,1/3/2011,7.4000001,Female,nlaughlinri@a8.net
992,789,84.48.127.221,3/30/2011,5.3000002,Male,dfaasrj@bbc.co.uk
993,935,9.43.145.47,12/19/2011,8.6999998,Female,cdunkerleyrk@webmd.com
994,924,37.208.187.4,5/8/2011,8.8000002,Female,gtomasinorl@networksolutions.com
995,791,150.106.30.137,3/7/2011,1.7,Male,mbartellrm@cbslocal.com
996,815,233.41.82.119,8/19/2011,4.5999999,Female,hmccartrn@admin.ch
997,926,155.100.99.150,8/1/2011,2.9000001,Female,lhuchotro@twitpic.com
998,880,251.157.155.21,12/20/2011,6.3000002,Male,lbilofskyrp@1688.com
999,873,253.57.104.170,2/12/2011,2,Male,bwogdonrq@hp.com
1000,891,,5/16/2011,4.5999999,Female,pkamanrr@ox.ac.uk
